马物名,收集品1,收集品2,收集品3,血量,心理伤害,物理伤害,法术伤害,移动,技能1,技能2,种族,定位-标签,用法
TS,望远镜,魔法书,纸笔,14,2,1,2,1,魔法书:使用法术和心理攻击造成伤害时自己可以加一点体力,,天角兽,新手向   生存型,面板平衡，要攻击牌输出，靠技能回血，攻防兼备
PP,派对炮,杯糕,蛋糕,12,2,1,1,2,神驹:每个你的回合摸牌阶段前可以看当前摸牌数+1张牌并调换顺序，放回牌堆顶部开始自己的摸牌阶段,次元壁:移动到你想要去的位置（一局一次）,陆马,辅助  干扰  收集流,面板脆，攻击弱。靠一技能获得自己回合的优势，削弱对手回合，还可以更快攒到收集品获胜。多人模式中可以辅助对友。二技能用于跑路。对新手不是很友好。
AJ,帽子,绳索,苹果,15,2,2,0,2,绳索:自己回合内可以弃两张牌让对手移动到自己可攻击范围内任意一格,,陆马,输出  坦克  新手向,面板较强，技能可使对手无法逃脱，持续输出。甚至可以用技能把对手拉进水里。
FS,宠物,乐谱,花环,13,2,1,2,1,底线:体力少于7时心理和物理伤害+1,凝视大法:每回合选择一名玩家进行一次难度为3的D6判定，如果判定成功则该角色直到下个回合的心理攻击值为0,天马,狂战士  爆发  干扰,一技能当血量少时会爆发，输出惊人。二技能用于削弱对手攻击。需要注意把控减血和爆发而且不死掉。
RD,奖杯,雷雨云,哨子,13,1,2,2,1,疾飞:每回合可以多获得一次移动的机会,彩虹音爆:打出攻击牌前可以选择自己减x点体力，x为此出牌阶段你可以出的攻击牌的数量,天马,刺客  爆发,主要用二技能输出，随时可以爆发，但需注意后果。一技能可以方便二技能导致残血时跑路或追击。
RR,衣服,镜子,线轴,12,1,2,2,1,时装:自带法术和物理防御1,,独角兽,坦克  生存型  新手向,技能可以大大减少受到的攻击，面板也比较平衡，输出正常。无论会不会玩，都是场上令人头疼的角色。
书记,法杖,魔法书,哨子,12,1,1,2,1,平等:在自己回合中，可以把一个对手的一件收集品和自己的一件互换（一局一次）,时间回溯:从牌堆里拿走上回合上家弃过的牌和弃过的装备（CD两回合一次）,独角兽,收集流  干扰  老手向,面板很弱，但可以快速获得收集品获胜。无论对方已经收集到还是当自己抽到对方收集品时，互换都可以带来巨大的优势，并让对手失利。二技能用于强化自己的回合。
师姐,镜子,魔法书,纸笔,13,1,1,2,1,穿越:当你受到攻击造成的伤害后，下轮不能成为攻击牌的目标,读心:弃掉自己所有手牌弃掉对方一件装备（收集品除外）,独角兽,生存型  干扰,面板很弱，但一技能可以极大增强生存能力。靠二技能削弱对手的攻击或防御。两个技能可以拖延时间，然后靠结算获胜。
崔嫂,天角护身符,帽子,法杖,13,2,1,2,1,魔术道具:武器和防具牌可以当作任意种伤害牌使用，效果牌可以增加一次移动机会,易碎骄傲：当你的D6判定失败时，你将受到1点心理伤害,独角兽,输出  生存型,面板正常，靠一技能稳定输出和跑路，攻防兼备
AB,纸笔,苹果,蝴蝶结,12,2,2,1,1,目标：你的回合开始前可选择并获得一个在场角色的技能或抽取不在场角色并选择获得其一个技能，回合结束时失去(获得技能的CD除按局计算的外不限),,陆马,娱乐局  全能型,面板一般。场上玩家技能强，她的技能就强，使用场上玩家的技能没有太多优势时还可以随机抽技能。
SB,话筒,乐器,线轴,12,1,2,2,1,“帮助”：在你的回合选择一名对手，进行一次难度为3的D6判定，成功会让对方的防具或武器在此自己的回合失效，失败无效,机遇：当场上进行D6判定后，你可以选择升高或降低一个点数(对陆马加成无效),独角兽,辅助  干扰,面板一般。改判技能可以在场上出现判定是使自己获利，一技能可以削弱对手防御。两技能可以配合使用。
SL,滑板,帽子,奖杯,13,1,2,1,2,滑板特技:自己回合内第一张攻击牌对一个对手造成≥1的伤害时，可对其进行一次难度为3的D6判定，成功造成当前移动值的伤害，失败失去下一回合自己的移动机会,,天马,刺客  ,面板一般，靠技能的加成增加攻击力，从而爆发。当获得滑板时，输出将高到一个新的境界
大麦,蹄铁,苹果,犁,15,0,3,0,1,蛮力:把你和对手所打出的魔法攻击牌都视为物理攻击牌,,陆马,输出,面板加上技能达到0 3 3的超强级别，可以持续输出。装备帽子有奇效。不过对于某些物理攻击高于法术攻击的对手，会被克制。
泽可拉,面具,花环,药剂,13,2,0,2,1,押韵:当在自己回合手牌中出现两张一样的卡，展示并弃掉其中一张可以立即摸一张牌,药剂大师:弃掉2张手牌，可以让自己或其他玩家恢复一点体力(不限次),斑马,收集流  辅助,一技能可以加速过牌，使自己更大可能抽到收集品，同时也加快了游戏进度。二技能的恢复可以保命。
小呆,马芬,纸笔,雷雨云,13,3,3,0,2,碰撞：当小呆攻击/被攻击时，自己/攻击者会受到1点不可防的伤害,,天马,反伤  输出,面板极强，靠攻击输出。技能的反伤可以恶心攻击你的对手，不过同时也需注意攻击后减自己的体力。
DJ,耳机,眼镜,音响,13,1,2,2,1,低音炮:每当攻击对对手造成≥2的伤害时，可以弃掉其一张手牌,,独角兽,输出  干扰,面板适中，靠技能削弱对手的行动力来增强自己的行动力。如果持续输出，可以把对手的手牌榨干。
提琴姬,乐谱,乐器,蝴蝶结,14,2,1,2,1,琴声:当你对一个目标造成了2点的心理伤害，会让其下一回合不能出牌。,上弦音：当你的武器栏为空时，可以把所有攻击牌视为心理攻击牌,陆马,控制  干扰  老手向,有输出和控制两档。如果想触发一技能，需要用二技能减攻击力，持续打一的伤害可以把对手控到死。而且对手使用某些防具时也会触发一技能，让对手很为难。在两档切换得当是新手不好做到的。
博士,沙漏,机器,望远镜,14,1,2,2,1,电话亭：在你晕厥的回合，可以苏醒在任意位置,变形：任何时间(包括游戏开始前和别人的回合)，你可以选择变成陆马、天马、独角兽、其他种族。,陆马,全能型  老手向,面板适中。可以靠变换种族获得所以关于种族的好处。开局变其他种族多摸牌，攻击时可以变成独角兽或者陆马，移动时可以变成天马不受地形影响。
天琴,魔法书,乐器,镜子,13,2,1,2,1,人类学：可以指定自己任意手牌当作自己三种收集品使用(无收集品特性，更换需要弃掉)，当此牌离开天琴，变回原样,,独角兽,全能型  老手向,面板适中。用技能随时切换三种武器，可以应对不同情况。攻击时用魔法书，反伤时用镜子，回血是用乐器。切换得当对新手来说很难。
糖糖,纸笔,眼镜,绳索,14,1,2,1,2,特工:效果牌和恢复牌可以当作事件牌打出,隐蔽：当事件被触发时，你可以选择减一点体力让自己不受这此事件的影响。,陆马,干扰  混战型,面板一般。可以靠技能开事件，从事件中获得优势。开到大事件对全体不利时，可以不受其影响，堪称战场搅屎棍。
